/*
 Navicat Premium Dump SQL

 Source Server         : plf
 Source Server Type    : MySQL
 Source Server Version : 80404 (8.4.4)
 Source Host           : localhost:3306
 Source Schema         : plf

 Target Server Type    : MySQL
 Target Server Version : 80404 (8.4.4)
 File Encoding         : 65001

 Date: 04/06/2025 17:49:59
*/

SET NAMES utf8mb4;
SET FOREIGN_KEY_CHECKS = 0;

-- ----------------------------
-- Table structure for orden
-- ----------------------------
DROP TABLE IF EXISTS `orden`;
CREATE TABLE `orden`  (
  `id` int NOT NULL AUTO_INCREMENT,
  `paypal_id` longtext CHARACTER SET utf8mb4 COLLATE utf8mb4_spanish_ci NOT NULL,
  `estatus` longtext CHARACTER SET utf8mb4 COLLATE utf8mb4_spanish_ci NOT NULL,
  `monto` decimal(10, 0) NOT NULL,
  `moneda` longtext CHARACTER SET utf8mb4 COLLATE utf8mb4_spanish_ci NOT NULL,
  `usuario_id` int NOT NULL,
  `fecha` datetime NOT NULL DEFAULT CURRENT_TIMESTAMP,
  `producto_id` int NOT NULL,
  PRIMARY KEY (`id`) USING BTREE,
  INDEX `fk_orden_usuario`(`usuario_id` ASC) USING BTREE,
  INDEX `fk_orden_producto`(`producto_id` ASC) USING BTREE,
  CONSTRAINT `fk_orden_producto` FOREIGN KEY (`producto_id`) REFERENCES `producto` (`id`) ON DELETE RESTRICT ON UPDATE CASCADE,
  CONSTRAINT `fk_orden_usuario` FOREIGN KEY (`usuario_id`) REFERENCES `usuario` (`id`) ON DELETE RESTRICT ON UPDATE CASCADE
) ENGINE = InnoDB AUTO_INCREMENT = 10 CHARACTER SET = utf8mb4 COLLATE = utf8mb4_spanish_ci ROW_FORMAT = Dynamic;

-- ----------------------------
-- Records of orden
-- ----------------------------
INSERT INTO `orden` VALUES (1, '18X903004J618412H', 'COMPLETED', 17, 'MXN', 14, '2025-05-29 19:09:28', 4);
INSERT INTO `orden` VALUES (2, '94T75426T5211292X', 'COMPLETED', 19, 'MXN', 14, '2025-05-29 20:18:38', 2);
INSERT INTO `orden` VALUES (3, '2JK22499VH365643G', 'COMPLETED', 19, 'MXN', 14, '2025-05-29 20:26:35', 4);
INSERT INTO `orden` VALUES (4, '68868203H00631254', 'COMPLETED', 20, 'MXN', 14, '2025-05-29 20:34:29', 5);
INSERT INTO `orden` VALUES (5, '5TE69832E31697644', 'COMPLETED', 22, 'MXN', 14, '2025-05-29 21:10:51', 1);
INSERT INTO `orden` VALUES (6, '8RY58239MC3010535', 'COMPLETED', 19, 'MXN', 14, '2025-05-29 21:11:34', 3);
INSERT INTO `orden` VALUES (7, '58G026634X801362W', 'COMPLETED', 20, 'MXN', 14, '2025-05-29 21:12:49', 4);
INSERT INTO `orden` VALUES (8, '9E168075LV0518525', 'COMPLETED', 15, 'MXN', 14, '2025-05-29 21:30:42', 2);
INSERT INTO `orden` VALUES (9, '7D514250TH097161W', 'COMPLETED', 17, 'MXN', 14, '2025-05-30 21:28:44', 1);

-- ----------------------------
-- Table structure for producto
-- ----------------------------
DROP TABLE IF EXISTS `producto`;
CREATE TABLE `producto`  (
  `id` int NOT NULL AUTO_INCREMENT,
  `nombre` longtext CHARACTER SET utf8mb4 COLLATE utf8mb4_es_0900_ai_ci NOT NULL,
  `precio` longtext CHARACTER SET utf8mb4 COLLATE utf8mb4_es_0900_ai_ci NOT NULL,
  `cantidad` int NOT NULL,
  PRIMARY KEY (`id`) USING BTREE
) ENGINE = InnoDB AUTO_INCREMENT = 10 CHARACTER SET = utf8mb4 COLLATE = utf8mb4_es_0900_ai_ci ROW_FORMAT = DYNAMIC;

-- ----------------------------
-- Records of producto
-- ----------------------------
INSERT INTO `producto` VALUES (1, 'Chip', '17', 5);
INSERT INTO `producto` VALUES (2, 'Taki', '19', 12);
INSERT INTO `producto` VALUES (3, 'Coca', '20', 5);
INSERT INTO `producto` VALUES (4, 'Peps', '20', 10);
INSERT INTO `producto` VALUES (5, 'Jumx', '20', 8);

-- ----------------------------
-- Table structure for usuario
-- ----------------------------
DROP TABLE IF EXISTS `usuario`;
CREATE TABLE `usuario`  (
  `id` int NOT NULL AUTO_INCREMENT,
  `nombre` longtext CHARACTER SET utf8mb3 COLLATE utf8mb3_spanish_ci NOT NULL,
  `correo` longtext CHARACTER SET utf8mb3 COLLATE utf8mb3_spanish_ci NOT NULL,
  `contrasenia` longtext CHARACTER SET utf8mb3 COLLATE utf8mb3_spanish_ci NOT NULL,
  `registro` datetime NOT NULL,
  `rol` longtext CHARACTER SET utf8mb3 COLLATE utf8mb3_spanish_ci NOT NULL,
  PRIMARY KEY (`id`) USING BTREE
) ENGINE = InnoDB AUTO_INCREMENT = 16 CHARACTER SET = utf8mb3 COLLATE = utf8mb3_spanish_ci ROW_FORMAT = DYNAMIC;

-- ----------------------------
-- Records of usuario
-- ----------------------------
INSERT INTO `usuario` VALUES (5, 'Angel', 'miguelvera3094@gmail.com', '$2y$10$9vUGe6KWVo/EnNWA/vbvvOnSOmG6YqbnIQ2bgp3ZyYG1oKWu3GP4K', '2025-04-13 17:07:44', 'admin');
INSERT INTO `usuario` VALUES (14, 'Janny', 'janny.garcia703@gmail.com', '$2y$10$TWpM4tRuLJzr313JRSw1MOjVqU/KsmFEhKZOdsu6b5u1r6w/s5rQS', '2025-05-27 15:15:11', 'admin');
INSERT INTO `usuario` VALUES (15, 'Edi', 'laloeduardo123489@gmail.com', '1234', '2025-05-30 22:22:50', 'admin');

-- ----------------------------
-- Table structure for venta
-- ----------------------------
DROP TABLE IF EXISTS `venta`;
CREATE TABLE `venta`  (
  `id` int NOT NULL AUTO_INCREMENT,
  `fecha` datetime NOT NULL,
  `producto_id` int NOT NULL,
  `precio` int NOT NULL,
  PRIMARY KEY (`id`) USING BTREE,
  INDEX `fk_producto`(`producto_id` ASC) USING BTREE,
  INDEX `fk_usuario`(`precio` ASC) USING BTREE,
  CONSTRAINT `fk_producto` FOREIGN KEY (`producto_id`) REFERENCES `producto` (`id`) ON DELETE RESTRICT ON UPDATE CASCADE
) ENGINE = InnoDB AUTO_INCREMENT = 181 CHARACTER SET = utf8mb4 COLLATE = utf8mb4_es_0900_ai_ci ROW_FORMAT = DYNAMIC;

-- ----------------------------
-- Records of venta
-- ----------------------------
INSERT INTO `venta` VALUES (17, '2025-04-30 15:50:07', 2, 10);
INSERT INTO `venta` VALUES (18, '2025-04-30 15:50:55', 1, 12);
INSERT INTO `venta` VALUES (19, '2025-04-30 15:55:48', 2, 11);
INSERT INTO `venta` VALUES (20, '2025-04-30 16:03:28', 4, 7);
INSERT INTO `venta` VALUES (21, '2025-04-30 16:03:28', 5, 6);
INSERT INTO `venta` VALUES (22, '2025-04-30 16:08:43', 5, 8);
INSERT INTO `venta` VALUES (23, '2025-05-01 08:52:59', 5, 9);
INSERT INTO `venta` VALUES (24, '2025-05-01 09:22:13', 3, 10);
INSERT INTO `venta` VALUES (25, '2025-04-26 15:50:59', 1, 5);
INSERT INTO `venta` VALUES (26, '2025-04-27 13:50:55', 1, 6);
INSERT INTO `venta` VALUES (27, '2025-04-28 14:50:55', 1, 7);
INSERT INTO `venta` VALUES (28, '2025-04-29 20:50:55', 1, 9);
INSERT INTO `venta` VALUES (29, '2025-04-30 15:10:55', 1, 10);
INSERT INTO `venta` VALUES (30, '2025-05-01 10:30:55', 1, 12);
INSERT INTO `venta` VALUES (31, '2025-05-02 11:30:55', 2, 6);
INSERT INTO `venta` VALUES (32, '2025-05-03 19:20:55', 2, 9);
INSERT INTO `venta` VALUES (33, '2025-05-04 20:30:15', 3, 9);
INSERT INTO `venta` VALUES (34, '2025-05-05 09:29:25', 3, 12);
INSERT INTO `venta` VALUES (35, '2025-05-06 17:32:32', 3, 10);
INSERT INTO `venta` VALUES (36, '2025-05-07 18:20:14', 3, 11);
INSERT INTO `venta` VALUES (37, '2025-05-08 19:20:55', 3, 7);
INSERT INTO `venta` VALUES (38, '2025-05-09 12:28:20', 3, 5);
INSERT INTO `venta` VALUES (39, '2025-05-10 19:20:55', 3, 8);
INSERT INTO `venta` VALUES (40, '2025-05-11 14:48:18', 3, 10);
INSERT INTO `venta` VALUES (41, '2025-05-12 19:20:55', 4, 7);
INSERT INTO `venta` VALUES (42, '2025-05-13 12:12:12', 4, 9);
INSERT INTO `venta` VALUES (43, '2025-05-14 19:20:55', 4, 11);
INSERT INTO `venta` VALUES (44, '2025-05-15 20:45:48', 5, 10);
INSERT INTO `venta` VALUES (45, '2025-05-16 00:00:00', 5, 6);
INSERT INTO `venta` VALUES (46, '2025-05-17 00:00:00', 5, 10);
INSERT INTO `venta` VALUES (47, '2025-05-18 00:00:00', 5, 9);
INSERT INTO `venta` VALUES (48, '2025-05-19 00:00:00', 4, 6);
INSERT INTO `venta` VALUES (49, '2025-05-20 00:00:00', 3, 9);
INSERT INTO `venta` VALUES (50, '2025-05-21 00:00:00', 2, 8);
INSERT INTO `venta` VALUES (51, '2025-05-22 00:00:00', 1, 9);
INSERT INTO `venta` VALUES (52, '2025-05-23 00:00:00', 5, 5);
INSERT INTO `venta` VALUES (53, '2025-05-24 00:00:00', 4, 10);
INSERT INTO `venta` VALUES (54, '2025-05-25 00:00:00', 3, 6);
INSERT INTO `venta` VALUES (55, '2025-05-26 00:00:00', 2, 9);
INSERT INTO `venta` VALUES (56, '2025-05-27 00:00:00', 1, 10);
INSERT INTO `venta` VALUES (57, '2025-05-28 00:00:00', 2, 5);
INSERT INTO `venta` VALUES (58, '2025-05-29 00:00:00', 3, 9);
INSERT INTO `venta` VALUES (59, '2025-05-30 00:00:00', 4, 7);
INSERT INTO `venta` VALUES (60, '2025-05-31 00:00:00', 5, 12);
INSERT INTO `venta` VALUES (61, '2025-06-01 00:00:00', 4, 11);
INSERT INTO `venta` VALUES (62, '2025-06-02 00:00:00', 3, 5);
INSERT INTO `venta` VALUES (63, '2025-06-03 00:00:00', 2, 6);
INSERT INTO `venta` VALUES (64, '2025-06-04 00:00:00', 1, 7);
INSERT INTO `venta` VALUES (65, '2025-06-05 00:00:00', 2, 8);
INSERT INTO `venta` VALUES (66, '2025-06-06 00:00:00', 3, 9);
INSERT INTO `venta` VALUES (67, '2025-06-07 00:00:00', 4, 10);
INSERT INTO `venta` VALUES (68, '2025-06-08 00:00:00', 5, 11);
INSERT INTO `venta` VALUES (69, '2025-06-09 00:00:00', 3, 12);
INSERT INTO `venta` VALUES (70, '2025-04-26 00:00:00', 4, 5);
INSERT INTO `venta` VALUES (71, '2025-04-27 00:00:00', 2, 6);
INSERT INTO `venta` VALUES (72, '2025-04-28 00:00:00', 1, 7);
INSERT INTO `venta` VALUES (73, '2025-04-29 00:00:00', 1, 9);
INSERT INTO `venta` VALUES (74, '2025-04-30 00:00:00', 1, 10);
INSERT INTO `venta` VALUES (75, '2025-05-01 00:00:00', 1, 12);
INSERT INTO `venta` VALUES (76, '2025-05-02 00:00:00', 2, 6);
INSERT INTO `venta` VALUES (77, '2025-05-03 00:00:00', 2, 9);
INSERT INTO `venta` VALUES (78, '2025-05-04 00:00:00', 3, 9);
INSERT INTO `venta` VALUES (79, '2025-05-05 00:00:00', 3, 12);
INSERT INTO `venta` VALUES (80, '2025-05-06 00:00:00', 3, 10);
INSERT INTO `venta` VALUES (81, '2025-05-07 00:00:00', 3, 11);
INSERT INTO `venta` VALUES (82, '2025-05-08 00:00:00', 3, 7);
INSERT INTO `venta` VALUES (83, '2025-05-09 00:00:00', 3, 5);
INSERT INTO `venta` VALUES (84, '2025-05-10 00:00:00', 3, 8);
INSERT INTO `venta` VALUES (85, '2025-05-11 00:00:00', 3, 10);
INSERT INTO `venta` VALUES (86, '2025-05-12 00:00:00', 4, 7);
INSERT INTO `venta` VALUES (87, '2025-05-13 00:00:00', 4, 9);
INSERT INTO `venta` VALUES (88, '2025-05-14 00:00:00', 4, 11);
INSERT INTO `venta` VALUES (89, '2025-05-15 00:00:00', 5, 10);
INSERT INTO `venta` VALUES (90, '2025-05-16 00:00:00', 5, 6);
INSERT INTO `venta` VALUES (91, '2025-05-17 00:00:00', 5, 10);
INSERT INTO `venta` VALUES (92, '2025-05-18 00:00:00', 5, 9);
INSERT INTO `venta` VALUES (93, '2025-05-19 00:00:00', 1, 6);
INSERT INTO `venta` VALUES (94, '2025-05-20 00:00:00', 2, 9);
INSERT INTO `venta` VALUES (95, '2025-05-21 00:00:00', 3, 8);
INSERT INTO `venta` VALUES (96, '2025-05-22 00:00:00', 4, 9);
INSERT INTO `venta` VALUES (97, '2025-05-23 00:00:00', 5, 5);
INSERT INTO `venta` VALUES (98, '2025-05-24 00:00:00', 4, 10);
INSERT INTO `venta` VALUES (99, '2025-05-25 00:00:00', 3, 6);
INSERT INTO `venta` VALUES (100, '2025-05-26 00:00:00', 2, 9);
INSERT INTO `venta` VALUES (101, '2025-05-27 00:00:00', 1, 10);
INSERT INTO `venta` VALUES (102, '2025-05-28 00:00:00', 2, 5);
INSERT INTO `venta` VALUES (103, '2025-05-29 00:00:00', 3, 9);
INSERT INTO `venta` VALUES (104, '2025-05-30 00:00:00', 4, 7);
INSERT INTO `venta` VALUES (105, '2025-05-31 00:00:00', 5, 12);
INSERT INTO `venta` VALUES (106, '2025-06-01 00:00:00', 4, 11);
INSERT INTO `venta` VALUES (107, '2025-06-02 00:00:00', 3, 5);
INSERT INTO `venta` VALUES (108, '2025-06-03 00:00:00', 2, 6);
INSERT INTO `venta` VALUES (109, '2025-06-04 00:00:00', 1, 7);
INSERT INTO `venta` VALUES (110, '2025-06-05 00:00:00', 2, 8);
INSERT INTO `venta` VALUES (111, '2025-06-06 00:00:00', 3, 9);
INSERT INTO `venta` VALUES (112, '2025-06-07 00:00:00', 4, 10);
INSERT INTO `venta` VALUES (113, '2025-06-08 00:00:00', 5, 11);
INSERT INTO `venta` VALUES (114, '2025-06-09 00:00:00', 4, 12);
INSERT INTO `venta` VALUES (115, '2025-04-26 00:00:00', 3, 5);
INSERT INTO `venta` VALUES (116, '2025-04-27 00:00:00', 2, 6);
INSERT INTO `venta` VALUES (117, '2025-04-28 00:00:00', 1, 7);
INSERT INTO `venta` VALUES (118, '2025-04-29 00:00:00', 1, 9);
INSERT INTO `venta` VALUES (119, '2025-04-30 00:00:00', 1, 10);
INSERT INTO `venta` VALUES (120, '2025-05-01 00:00:00', 1, 12);
INSERT INTO `venta` VALUES (121, '2025-05-02 00:00:00', 2, 6);
INSERT INTO `venta` VALUES (122, '2025-05-03 00:00:00', 2, 9);
INSERT INTO `venta` VALUES (123, '2025-05-04 00:00:00', 3, 9);
INSERT INTO `venta` VALUES (124, '2025-05-05 00:00:00', 3, 12);
INSERT INTO `venta` VALUES (125, '2025-05-06 00:00:00', 3, 10);
INSERT INTO `venta` VALUES (126, '2025-05-07 00:00:00', 3, 11);
INSERT INTO `venta` VALUES (127, '2025-05-08 00:00:00', 3, 7);
INSERT INTO `venta` VALUES (128, '2025-05-09 00:00:00', 3, 5);
INSERT INTO `venta` VALUES (129, '2025-05-10 00:00:00', 3, 8);
INSERT INTO `venta` VALUES (130, '2025-05-11 00:00:00', 3, 10);
INSERT INTO `venta` VALUES (131, '2025-05-12 00:00:00', 4, 7);
INSERT INTO `venta` VALUES (132, '2025-05-13 00:00:00', 4, 9);
INSERT INTO `venta` VALUES (133, '2025-05-14 00:00:00', 4, 11);
INSERT INTO `venta` VALUES (134, '2025-05-15 00:00:00', 5, 10);
INSERT INTO `venta` VALUES (135, '2025-05-16 00:00:00', 5, 6);
INSERT INTO `venta` VALUES (136, '2025-05-17 00:00:00', 5, 10);
INSERT INTO `venta` VALUES (137, '2025-05-18 00:00:00', 5, 9);
INSERT INTO `venta` VALUES (138, '2025-05-19 00:00:00', 1, 6);
INSERT INTO `venta` VALUES (139, '2025-05-20 00:00:00', 2, 9);
INSERT INTO `venta` VALUES (140, '2025-05-21 00:00:00', 3, 8);
INSERT INTO `venta` VALUES (141, '2025-05-22 00:00:00', 4, 9);
INSERT INTO `venta` VALUES (142, '2025-05-23 00:00:00', 5, 5);
INSERT INTO `venta` VALUES (143, '2025-05-24 00:00:00', 4, 10);
INSERT INTO `venta` VALUES (144, '2025-05-25 00:00:00', 3, 6);
INSERT INTO `venta` VALUES (145, '2025-05-26 00:00:00', 2, 9);
INSERT INTO `venta` VALUES (146, '2025-05-27 00:00:00', 1, 10);
INSERT INTO `venta` VALUES (147, '2025-05-28 00:00:00', 2, 5);
INSERT INTO `venta` VALUES (148, '2025-05-29 00:00:00', 3, 9);
INSERT INTO `venta` VALUES (149, '2025-05-30 00:00:00', 4, 7);
INSERT INTO `venta` VALUES (150, '2025-05-31 00:00:00', 3, 12);
INSERT INTO `venta` VALUES (151, '2025-06-01 00:00:00', 2, 11);
INSERT INTO `venta` VALUES (152, '2025-06-02 00:00:00', 1, 5);
INSERT INTO `venta` VALUES (153, '2025-06-03 00:00:00', 2, 6);
INSERT INTO `venta` VALUES (154, '2025-06-04 00:00:00', 3, 7);
INSERT INTO `venta` VALUES (155, '2025-06-05 00:00:00', 4, 8);
INSERT INTO `venta` VALUES (156, '2025-06-06 00:00:00', 3, 9);
INSERT INTO `venta` VALUES (157, '2025-06-07 00:00:00', 2, 10);
INSERT INTO `venta` VALUES (158, '2025-06-08 00:00:00', 1, 11);
INSERT INTO `venta` VALUES (159, '2025-06-09 00:00:00', 2, 12);
INSERT INTO `venta` VALUES (160, '2025-05-27 16:21:35', 3, 14);
INSERT INTO `venta` VALUES (161, '2025-05-28 22:55:20', 4, 14);
INSERT INTO `venta` VALUES (162, '2025-03-28 22:55:20', 5, 14);
INSERT INTO `venta` VALUES (163, '2025-04-01 14:01:33', 4, 14);
INSERT INTO `venta` VALUES (164, '2025-05-22 13:01:06', 3, 14);
INSERT INTO `venta` VALUES (165, '2025-05-28 11:01:22', 2, 14);
INSERT INTO `venta` VALUES (166, '2025-04-01 14:27:00', 1, 14);
INSERT INTO `venta` VALUES (167, '2025-03-01 15:01:21', 2, 14);
INSERT INTO `venta` VALUES (168, '2025-02-01 11:01:37', 3, 14);
INSERT INTO `venta` VALUES (169, '2025-01-01 09:01:33', 4, 14);
INSERT INTO `venta` VALUES (170, '2025-01-01 09:01:17', 5, 14);
INSERT INTO `venta` VALUES (171, '2025-02-01 10:06:01', 4, 14);
INSERT INTO `venta` VALUES (172, '2025-04-01 17:01:20', 3, 14);
INSERT INTO `venta` VALUES (173, '2025-03-01 14:01:55', 2, 14);
INSERT INTO `venta` VALUES (174, '2025-05-01 17:07:37', 1, 14);
INSERT INTO `venta` VALUES (175, '2025-05-01 17:17:23', 2, 14);
INSERT INTO `venta` VALUES (176, '2025-04-11 14:45:33', 3, 14);
INSERT INTO `venta` VALUES (177, '2025-02-21 12:00:03', 4, 14);
INSERT INTO `venta` VALUES (178, '2025-01-10 11:11:33', 5, 14);
INSERT INTO `venta` VALUES (179, '2025-05-28 12:11:02', 4, 14);
INSERT INTO `venta` VALUES (180, '2025-05-29 21:54:07', 3, 14);

SET FOREIGN_KEY_CHECKS = 1;
